"ORDER","FAMILY","SCI_NAME","PRIMARY_COM_NAME","DECISION_FINAL","GENERAL_CAT"
"Charadriiformes","Alcidae (Auks, Murres, and Puffins)","Ptychoramphus aleuticus","Cassin's Auklet","Person","human"
"Charadriiformes","Alcidae (Auks, Murres, and Puffins)","Aethia cristatella","Crested Auklet","Both sexes physical trait","physical trait"
"Charadriiformes","Alcidae (Auks, Murres, and Puffins)","Aethia pusilla","Least Auklet","Size","physical trait"
"Charadriiformes","Alcidae (Auks, Murres, and Puffins)","Cerorhinca monocerata","Rhinoceros Auklet","Both sexes physical trait","physical trait"
"Charadriiformes","Alcidae (Auks, Murres, and Puffins)","Aethia pygmaea","Whiskered Auklet","Both sexes physical trait","physical trait"
"Charadriiformes","Recurvirostridae (Stilts and Avocets)","Recurvirostra americana","American Avocet","Geographic Location","natural history"
"Phaethontiformes","Phaethontidae (Tropicbirds)","Phaethon aethereus","Red-billed Tropicbird","Both sexes physical trait","physical trait"
"Pelecaniformes","Ardeidae (Herons, Egrets, and Bitterns)","Botaurus lentiginosus","American Bittern","Geographic Location","natural history"
"Pelecaniformes","Ardeidae (Herons, Egrets, and Bitterns)","Ixobrychus exilis","Least Bittern","Size","physical trait"
"Passeriformes","Icteridae (Troupials and Allies)","Euphagus cyanocephalus","Brewer's Blackbird","Person","human"
"Passeriformes","Icteridae (Troupials and Allies)","Agelaius phoeniceus","Red-winged Blackbird","Male physical trait","physical trait"
"Passeriformes","Icteridae (Troupials and Allies)","Euphagus carolinus","Rusty Blackbird","Both sexes physical trait","physical trait"
"Passeriformes","Icteridae (Troupials and Allies)","Agelaius tricolor","Tricolored Blackbird","Male physical trait","physical trait"
"Passeriformes","Icteridae (Troupials and Allies)","Xanthocephalus xanthocephalus","Yellow-headed Blackbird","Male physical trait","physical trait"
"Anseriformes","Anatidae (Ducks, Geese, and Waterfowl)","Bucephala albeola","Bufflehead","Male physical trait","physical trait"
"Passeriformes","Turdidae (Thrushes and Allies)","Sialia currucoides","Mountain Bluebird","Natural History","natural history"
"Passeriformes","Turdidae (Thrushes and Allies)","Sialia mexicana","Western Bluebird","Geographic Location","natural history"
"Passeriformes","Icteridae (Troupials and Allies)","Dolichonyx oryzivorus","Bobolink","Behavior","natural history"
"Suliformes","Sulidae (Boobies and Gannets)","Sula sula","Red-footed Booby","Both sexes physical trait","physical trait"
"Anseriformes","Anatidae (Ducks, Geese, and Waterfowl)","Branta bernicla","Brant","Local language","human"
"Passeriformes","Cardinalidae (Cardinals and Allies)","Passerina cyanea","Indigo Bunting","Male physical trait","physical trait"
"Passeriformes","Passerellidae (New World Sparrows)","Calamospiza melanocorys","Lark Bunting","Behavior","natural history"
"Passeriformes","Cardinalidae (Cardinals and Allies)","Passerina amoena","Lazuli Bunting","Male physical trait","physical trait"
"Passeriformes","Cardinalidae (Cardinals and Allies)","Passerina ciris","Painted Bunting","Male physical trait","physical trait"
"Passeriformes","Cardinalidae (Cardinals and Allies)","Passerina versicolor","Varied Bunting","Male physical trait","physical trait"
"Passeriformes","Aegithalidae (Long-tailed Tits)","Psaltriparus minimus","Bushtit","Natural History","natural history"
"Falconiformes","Falconidae (Falcons and Caracaras)","Caracara lutosa","Guadalupe Caracara","Geographic Location","natural history"
"Passeriformes","Icteriidae (Yellow-breasted Chat)","Icteria virens","Yellow-breasted Chat","Both sexes physical trait","physical trait"
"Passeriformes","Paridae (Tits, Chickadees, and Titmice)","Poecile carolinensis","Carolina Chickadee","Geographic Location","natural history"
"Passeriformes","Paridae (Tits, Chickadees, and Titmice)","Poecile rufescens","Chestnut-backed Chickadee","Both sexes physical trait","physical trait"
"Passeriformes","Paridae (Tits, Chickadees, and Titmice)","Poecile sclateri","Mexican Chickadee","Geographic Location","natural history"
"Passeriformes","Paridae (Tits, Chickadees, and Titmice)","Poecile gambeli","Mountain Chickadee","Natural History","natural history"
"Caprimulgiformes","Caprimulgidae (Nightjars and Allies)","Antrostomus carolinensis","Chuck-will's-widow","Behavior","natural history"
"Gruiformes","Rallidae (Rails, Gallinules, and Coots)","Fulica americana","American Coot","Geographic Location","natural history"
"Suliformes","Phalacrocoracidae (Cormorants and Shags)","Urile penicillatus","Brandt's Cormorant","Person","human"
"Suliformes","Phalacrocoracidae (Cormorants and Shags)","Nannopterum auritum","Double-crested Cormorant","Both sexes physical trait","physical trait"
"Suliformes","Phalacrocoracidae (Cormorants and Shags)","Urile perspicillatus","Pallas's Cormorant","Person","human"
"Suliformes","Phalacrocoracidae (Cormorants and Shags)","Urile pelagicus","Pelagic Cormorant","Natural History","natural history"
"Suliformes","Phalacrocoracidae (Cormorants and Shags)","Urile urile","Red-faced Cormorant","Both sexes physical trait","physical trait"
"Passeriformes","Icteridae (Troupials and Allies)","Molothrus aeneus","Bronzed Cowbird","Male physical trait","physical trait"
"Gruiformes","Rallidae (Rails, Gallinules, and Coots)","Crex crex","Corn Crake","Natural History","natural history"
"Gruiformes","Rallidae (Rails, Gallinules, and Coots)","Porzana porzana","Spotted Crake","Both sexes physical trait","physical trait"
"Gruiformes","Gruidae (Cranes)","Antigone canadensis","Sandhill Crane","Geographic Location","natural history"
"Gruiformes","Gruidae (Cranes)","Grus americana","Whooping Crane","Behavior","natural history"
"Passeriformes","Certhiidae (Treecreepers)","Certhia americana","Brown Creeper","Both sexes physical trait","physical trait"
"Passeriformes","Fringillidae (Finches, Euphonias, and Allies)","Loxia leucoptera","White-winged Crossbill","Both sexes physical trait","physical trait"
"Passeriformes","Corvidae (Crows, Jays, and Magpies)","Corvus brachyrhynchos","American Crow","Geographic Location","natural history"
"Passeriformes","Corvidae (Crows, Jays, and Magpies)","Corvus ossifragus","Fish Crow","Natural History","natural history"
"Cuculiformes","Cuculidae (Cuckoos)","Coccyzus erythropthalmus","Black-billed Cuckoo","Both sexes physical trait","physical trait"
"Cuculiformes","Cuculidae (Cuckoos)","Coccyzus minor","Mangrove Cuckoo","Natural History","natural history"
"Cuculiformes","Cuculidae (Cuckoos)","Coccyzus americanus","Yellow-billed Cuckoo","Both sexes physical trait","physical trait"
"Charadriiformes","Scolopacidae (Sandpipers and Allies)","Numenius tahitiensis","Bristle-thighed Curlew","Both sexes physical trait","physical trait"
"Charadriiformes","Scolopacidae (Sandpipers and Allies)","Numenius borealis","Eskimo Curlew","Geographic Location","natural history"
"Charadriiformes","Scolopacidae (Sandpipers and Allies)","Numenius americanus","Long-billed Curlew","Both sexes physical trait","physical trait"
"Passeriformes","Cardinalidae (Cardinals and Allies)","Spiza americana","Dickcissel","Behavior","natural history"
"Passeriformes","Cinclidae (Dippers)","Cinclus mexicanus","American Dipper","Geographic Location","natural history"
"Columbiformes","Columbidae (Pigeons and Doves)","Columbina inca","Inca Dove","Geographic Location","natural history"
"Columbiformes","Columbidae (Pigeons and Doves)","Zenaida macroura","Mourning Dove","Behavior","natural history"
"Columbiformes","Columbidae (Pigeons and Doves)","Zenaida asiatica","White-winged Dove","Both sexes physical trait","physical trait"
"Columbiformes","Columbidae (Pigeons and Doves)","Zenaida aurita","Zenaida Dove","Person","human"
"Charadriiformes","Alcidae (Auks, Murres, and Puffins)","Alle alle","Dovekie","Local language","human"
"Charadriiformes","Scolopacidae (Sandpipers and Allies)","Limnodromus scolopaceus","Long-billed Dowitcher","Both sexes physical trait","physical trait"
"Anseriformes","Anatidae (Ducks, Geese, and Waterfowl)","Histrionicus histrionicus","Harlequin Duck","Male physical trait","physical trait"
"Anseriformes","Anatidae (Ducks, Geese, and Waterfowl)","Camptorhynchus labradorius","Labrador Duck","Geographic Location","natural history"
"Anseriformes","Anatidae (Ducks, Geese, and Waterfowl)","Nomonyx dominicus","Masked Duck","Male physical trait","physical trait"
"Anseriformes","Anatidae (Ducks, Geese, and Waterfowl)","Aythya collaris","Ring-necked Duck","Male physical trait","physical trait"
"Anseriformes","Anatidae (Ducks, Geese, and Waterfowl)","Oxyura jamaicensis","Ruddy Duck","Male physical trait","physical trait"
"Anseriformes","Anatidae (Ducks, Geese, and Waterfowl)","Aix sponsa","Wood Duck","Natural History","natural history"
"Charadriiformes","Scolopacidae (Sandpipers and Allies)","Calidris alpina","Dunlin","Both sexes physical trait","physical trait"
"Accipitriformes","Accipitridae (Hawks, Eagles, and Kites)","Haliaeetus leucocephalus","Bald Eagle","Both sexes physical trait","physical trait"
"Accipitriformes","Accipitridae (Hawks, Eagles, and Kites)","Aquila chrysaetos","Golden Eagle","Both sexes physical trait","physical trait"
"Accipitriformes","Accipitridae (Hawks, Eagles, and Kites)","Harpia harpyja","Harpy Eagle","Miscellaneous","human"
"Pelecaniformes","Ardeidae (Herons, Egrets, and Bitterns)","Egretta rufescens","Reddish Egret","Both sexes physical trait","physical trait"
"Anseriformes","Anatidae (Ducks, Geese, and Waterfowl)","Somateria spectabilis","King Eider","Male physical trait","physical trait"
"Anseriformes","Anatidae (Ducks, Geese, and Waterfowl)","Somateria fischeri","Spectacled Eider","Both sexes physical trait","physical trait"
"Falconiformes","Falconidae (Falcons and Caracaras)","Falco femoralis","Aplomado Falcon","Local language","human"
"Falconiformes","Falconidae (Falcons and Caracaras)","Falco mexicanus","Prairie Falcon","Natural History","natural history"
"Passeriformes","Fringillidae (Finches, Euphonias, and Allies)","Haemorhous mexicanus","House Finch","Natural History","natural history"
"Passeriformes","Fringillidae (Finches, Euphonias, and Allies)","Haemorhous purpureus","Purple Finch","Male physical trait","physical trait"
"Phoenicopteriformes","Phoenicopteridae (Flamingos)","Phoenicopterus ruber","American Flamingo","Geographic Location","natural history"
"Piciformes","Picidae (Woodpeckers)","Colaptes chrysoides","Gilded Flicker","Both sexes physical trait","physical trait"
"Passeriformes","Tyrannidae (Tyrant Flycatchers)","Empidonax virescens","Acadian Flycatcher","Geographic Location","natural history"
"Passeriformes","Tyrannidae (Tyrant Flycatchers)","Myiarchus cinerascens","Ash-throated Flycatcher","Both sexes physical trait","physical trait"
"Passeriformes","Tyrannidae (Tyrant Flycatchers)","Tyrannus savana","Fork-tailed Flycatcher","Both sexes physical trait","physical trait"
"Passeriformes","Tyrannidae (Tyrant Flycatchers)","Empidonax hammondii","Hammond's Flycatcher","Person","human"
"Passeriformes","Tyrannidae (Tyrant Flycatchers)","Empidonax minimus","Least Flycatcher","Size","physical trait"
"Passeriformes","Muscicapidae (Old World Flycatchers)","Muscicapa epulata","Little Flycatcher","Size","physical trait"
"Passeriformes","Tyrannidae (Tyrant Flycatchers)","Contopus cooperi","Olive-sided Flycatcher","Both sexes physical trait","physical trait"
"Passeriformes","Tyrannidae (Tyrant Flycatchers)","Tyrannus forficatus","Scissor-tailed Flycatcher","Both sexes physical trait","physical trait"
"Passeriformes","Tyrannidae (Tyrant Flycatchers)","Myiodynastes luteiventris","Sulphur-bellied Flycatcher","Both sexes physical trait","physical trait"
"Passeriformes","Tyrannidae (Tyrant Flycatchers)","Pyrocephalus rubinus","Vermilion Flycatcher","Male physical trait","physical trait"
"Passeriformes","Tyrannidae (Tyrant Flycatchers)","Empidonax flaviventris","Yellow-bellied Flycatcher","Both sexes physical trait","physical trait"
"Anseriformes","Anatidae (Ducks, Geese, and Waterfowl)","Mareca strepera","Gadwall","Miscellaneous","human"
"Gruiformes","Rallidae (Rails, Gallinules, and Coots)","Porphyrio martinica","Purple Gallinule","Both sexes physical trait","physical trait"
"Passeriformes","Polioptilidae (Gnatcatchers)","Polioptila melanura","Black-tailed Gnatcatcher","Both sexes physical trait","physical trait"
"Passeriformes","Polioptilidae (Gnatcatchers)","Polioptila caerulea","Blue-gray Gnatcatcher","Both sexes physical trait","physical trait"
"Charadriiformes","Scolopacidae (Sandpipers and Allies)","Limosa limosa","Black-tailed Godwit","Both sexes physical trait","physical trait"
"Charadriiformes","Scolopacidae (Sandpipers and Allies)","Limosa haemastica","Hudsonian Godwit","Geographic Location","natural history"
"Charadriiformes","Scolopacidae (Sandpipers and Allies)","Limosa fedoa","Marbled Godwit","Both sexes physical trait","physical trait"
"Passeriformes","Fringillidae (Finches, Euphonias, and Allies)","Spinus tristis","American Goldfinch","Geographic Location","natural history"
"Passeriformes","Fringillidae (Finches, Euphonias, and Allies)","Spinus lawrencei","Lawrence's Goldfinch","Person","human"
"Anseriformes","Anatidae (Ducks, Geese, and Waterfowl)","Branta leucopsis","Barnacle Goose","Miscellaneous","human"
"Anseriformes","Anatidae (Ducks, Geese, and Waterfowl)","Branta canadensis","Canada Goose","Geographic Location","natural history"
"Anseriformes","Anatidae (Ducks, Geese, and Waterfowl)","Anser canagicus","Emperor Goose","Both sexes physical trait","physical trait"
"Passeriformes","Icteridae (Troupials and Allies)","Quiscalus major","Boat-tailed Grackle","Male physical trait","physical trait"
"Passeriformes","Icteridae (Troupials and Allies)","Quiscalus mexicanus","Great-tailed Grackle","Male physical trait","physical trait"
"Podicipediformes","Podicipedidae (Grebes)","Aechmophorus clarkii","Clark's Grebe","Person","human"
"Podicipediformes","Podicipedidae (Grebes)","Podilymbus podiceps","Pied-billed Grebe","Both sexes physical trait","physical trait"
"Podicipediformes","Podicipedidae (Grebes)","Aechmophorus occidentalis","Western Grebe","Geographic Location","natural history"
"Passeriformes","Cardinalidae (Cardinals and Allies)","Pheucticus melanocephalus","Black-headed Grosbeak","Male physical trait","physical trait"
"Passeriformes","Cardinalidae (Cardinals and Allies)","Passerina caerulea","Blue Grosbeak","Male physical trait","physical trait"
"Passeriformes","Fringillidae (Finches, Euphonias, and Allies)","Coccothraustes vespertinus","Evening Grosbeak","Behavior","natural history"
"Passeriformes","Fringillidae (Finches, Euphonias, and Allies)","Pinicola enucleator","Pine Grosbeak","Natural History","natural history"
"Passeriformes","Cardinalidae (Cardinals and Allies)","Pheucticus ludovicianus","Rose-breasted Grosbeak","Male physical trait","physical trait"
"Galliformes","Phasianidae (Pheasants, Grouse, and Allies)","Dendragapus obscurus","Dusky Grouse","Both sexes physical trait","physical trait"
"Galliformes","Phasianidae (Pheasants, Grouse, and Allies)","Bonasa umbellus","Ruffed Grouse","Both sexes physical trait","physical trait"
"Galliformes","Phasianidae (Pheasants, Grouse, and Allies)","Tympanuchus phasianellus","Sharp-tailed Grouse","Both sexes physical trait","physical trait"
"Charadriiformes","Alcidae (Auks, Murres, and Puffins)","Cepphus grylle","Black Guillemot","Both sexes physical trait","physical trait"
"Charadriiformes","Alcidae (Auks, Murres, and Puffins)","Cepphus columba","Pigeon Guillemot","Both sexes physical trait","physical trait"
"Charadriiformes","Laridae (Gulls, Terns, and Skimmers)","Chroicocephalus philadelphia","Bonaparte's Gull","Person","human"
"Charadriiformes","Laridae (Gulls, Terns, and Skimmers)","Larus californicus","California Gull","Geographic Location","natural history"
"Charadriiformes","Laridae (Gulls, Terns, and Skimmers)","Leucophaeus pipixcan","Franklin's Gull","Person","human"
"Charadriiformes","Laridae (Gulls, Terns, and Skimmers)","Larus hyperboreus","Glaucous Gull","Both sexes physical trait","physical trait"
"Charadriiformes","Laridae (Gulls, Terns, and Skimmers)","Larus glaucescens","Glaucous-winged Gull","Both sexes physical trait","physical trait"
"Charadriiformes","Laridae (Gulls, Terns, and Skimmers)","Larus marinus","Great Black-backed Gull","Size","physical trait"
"Charadriiformes","Laridae (Gulls, Terns, and Skimmers)","Larus argentatus","Herring Gull","Natural History","natural history"
"Charadriiformes","Laridae (Gulls, Terns, and Skimmers)","Larus heermanni","Heermann's Gull","Person","human"
"Charadriiformes","Laridae (Gulls, Terns, and Skimmers)","Larus glaucoides","Iceland Gull","Geographic Location","natural history"
"Charadriiformes","Laridae (Gulls, Terns, and Skimmers)","Pagophila eburnea","Ivory Gull","Both sexes physical trait","physical trait"
"Charadriiformes","Laridae (Gulls, Terns, and Skimmers)","Leucophaeus atricilla","Laughing Gull","Behavior","natural history"
"Charadriiformes","Laridae (Gulls, Terns, and Skimmers)","Ichthyaetus ichthyaetus","Pallas's Gull","Person","human"
"Charadriiformes","Laridae (Gulls, Terns, and Skimmers)","Larus delawarensis","Ring-billed Gull","Both sexes physical trait","physical trait"
"Charadriiformes","Laridae (Gulls, Terns, and Skimmers)","Rhodostethia rosea","Ross's Gull","Person","human"
"Charadriiformes","Laridae (Gulls, Terns, and Skimmers)","Xema sabini","Sabine's Gull","Person","human"
"Charadriiformes","Laridae (Gulls, Terns, and Skimmers)","Larus brachyrhynchus","Short-billed Gull","Both sexes physical trait","physical trait"
"Charadriiformes","Laridae (Gulls, Terns, and Skimmers)","Larus schistisagus","Slaty-backed Gull","Both sexes physical trait","physical trait"
"Charadriiformes","Laridae (Gulls, Terns, and Skimmers)","Creagrus furcatus","Swallow-tailed Gull","Both sexes physical trait","physical trait"
"Charadriiformes","Laridae (Gulls, Terns, and Skimmers)","Larus occidentalis","Western Gull","Geographic Location","natural history"
"Accipitriformes","Accipitridae (Hawks, Eagles, and Kites)","Buteo platypterus","Broad-winged Hawk","Both sexes physical trait","physical trait"
"Accipitriformes","Accipitridae (Hawks, Eagles, and Kites)","Accipiter cooperii","Cooper's Hawk","Person","human"
"Accipitriformes","Accipitridae (Hawks, Eagles, and Kites)","Parabuteo unicinctus","Harris's Hawk","Person","human"
"Accipitriformes","Accipitridae (Hawks, Eagles, and Kites)","Buteo lineatus","Red-shouldered Hawk","Both sexes physical trait","physical trait"
"Accipitriformes","Accipitridae (Hawks, Eagles, and Kites)","Buteo jamaicensis","Red-tailed Hawk","Both sexes physical trait","physical trait"
"Accipitriformes","Accipitridae (Hawks, Eagles, and Kites)","Buteo lagopus","Rough-legged Hawk","Both sexes physical trait","physical trait"
"Accipitriformes","Accipitridae (Hawks, Eagles, and Kites)","Accipiter striatus","Sharp-shinned Hawk","Both sexes physical trait","physical trait"
"Accipitriformes","Accipitridae (Hawks, Eagles, and Kites)","Buteo brachyurus","Short-tailed Hawk","Both sexes physical trait","physical trait"
"Accipitriformes","Accipitridae (Hawks, Eagles, and Kites)","Buteo swainsoni","Swainson's Hawk","Person","human"
"Accipitriformes","Accipitridae (Hawks, Eagles, and Kites)","Geranoaetus albicaudatus","White-tailed Hawk","Both sexes physical trait","physical trait"
"Accipitriformes","Accipitridae (Hawks, Eagles, and Kites)","Buteo albonotatus","Zone-tailed Hawk","Both sexes physical trait","physical trait"
"Pelecaniformes","Ardeidae (Herons, Egrets, and Bitterns)","Nycticorax nycticorax","Black-crowned Night-Heron","Both sexes physical trait","physical trait"
"Pelecaniformes","Ardeidae (Herons, Egrets, and Bitterns)","Ardea herodias","Great Blue Heron","Size","physical trait"
"Pelecaniformes","Ardeidae (Herons, Egrets, and Bitterns)","Butorides virescens","Green Heron","Both sexes physical trait","physical trait"
"Pelecaniformes","Ardeidae (Herons, Egrets, and Bitterns)","Egretta caerulea","Little Blue Heron","Size","physical trait"
"Pelecaniformes","Ardeidae (Herons, Egrets, and Bitterns)","Nyctanassa violacea","Yellow-crowned Night-Heron","Both sexes physical trait","physical trait"
"Caprimulgiformes","Trochilidae (Hummingbirds)","Selasphorus sasin","Allen's Hummingbird","Person","human"
"Caprimulgiformes","Trochilidae (Hummingbirds)","Calypte anna","Anna's Hummingbird","Person","human"
"Caprimulgiformes","Trochilidae (Hummingbirds)","Archilochus alexandri","Black-chinned Hummingbird","Male physical trait","physical trait"
"Caprimulgiformes","Trochilidae (Hummingbirds)","Cynanthus latirostris","Broad-billed Hummingbird","Both sexes physical trait","physical trait"
"Caprimulgiformes","Trochilidae (Hummingbirds)","Selasphorus platycercus","Broad-tailed Hummingbird","Both sexes physical trait","physical trait"
"Caprimulgiformes","Trochilidae (Hummingbirds)","Amazilia yucatanensis","Buff-bellied Hummingbird","Both sexes physical trait","physical trait"
"Caprimulgiformes","Trochilidae (Hummingbirds)","Selasphorus calliope","Calliope Hummingbird","Miscellaneous","human"
"Caprimulgiformes","Trochilidae (Hummingbirds)","Calypte costae","Costa's Hummingbird","Person","human"
"Caprimulgiformes","Trochilidae (Hummingbirds)","Calothorax lucifer","Lucifer Hummingbird","Male physical trait","physical trait"
"Caprimulgiformes","Trochilidae (Hummingbirds)","Archilochus colubris","Ruby-throated Hummingbird","Male physical trait","physical trait"
"Caprimulgiformes","Trochilidae (Hummingbirds)","Selasphorus rufus","Rufous Hummingbird","Male physical trait","physical trait"
"Caprimulgiformes","Trochilidae (Hummingbirds)","Basilinna xantusii","Xantus's Hummingbird","Person","human"
"Pelecaniformes","Threskiornithidae (Ibises and Spoonbills)","Plegadis falcinellus","Glossy Ibis","Both sexes physical trait","physical trait"
"Pelecaniformes","Threskiornithidae (Ibises and Spoonbills)","Eudocimus ruber","Scarlet Ibis","Both sexes physical trait","physical trait"
"Pelecaniformes","Threskiornithidae (Ibises and Spoonbills)","Eudocimus albus","White Ibis","Both sexes physical trait","physical trait"
"Ciconiiformes","Ciconiidae (Storks)","Jabiru mycteria","Jabiru","Local language","human"
"Charadriiformes","Stercorariidae (Skuas and Jaegers)","Stercorarius parasiticus","Parasitic Jaeger","Behavior","natural history"
"Charadriiformes","Stercorariidae (Skuas and Jaegers)","Stercorarius pomarinus","Pomarine Jaeger","Both sexes physical trait","physical trait"
"Charadriiformes","Stercorariidae (Skuas and Jaegers)","Stercorarius longicaudus","Long-tailed Jaeger","Both sexes physical trait","physical trait"
"Passeriformes","Corvidae (Crows, Jays, and Magpies)","Cyanocitta cristata","Blue Jay","Both sexes physical trait","physical trait"
"Passeriformes","Corvidae (Crows, Jays, and Magpies)","Perisoreus canadensis","Canada Jay","Geographic Location","natural history"
"Passeriformes","Corvidae (Crows, Jays, and Magpies)","Cyanocorax yncas","Green Jay","Both sexes physical trait","physical trait"
"Passeriformes","Corvidae (Crows, Jays, and Magpies)","Cyanocitta stelleri","Steller's Jay","Person","human"
"Passeriformes","Passerellidae (New World Sparrows)","Junco bairdi","Baird's Junco","Person","human"
"Passeriformes","Passerellidae (New World Sparrows)","Junco insularis","Guadalupe Junco","Geographic Location","natural history"
"Charadriiformes","Charadriidae (Plovers and Lapwings)","Charadrius vociferus","Killdeer","Behavior","natural history"
"Passeriformes","Tyrannidae (Tyrant Flycatchers)","Tyrannus vociferans","Cassin's Kingbird","Person","human"
"Passeriformes","Tyrannidae (Tyrant Flycatchers)","Tyrannus couchii","Couch's Kingbird","Person","human"
"Passeriformes","Tyrannidae (Tyrant Flycatchers)","Tyrannus dominicensis","Gray Kingbird","Both sexes physical trait","physical trait"
"Coraciiformes","Alcedinidae (Kingfishers)","Megaceryle alcyon","Belted Kingfisher","Female physical trait","physical trait"
"Passeriformes","Regulidae (Kinglets)","Regulus satrapa","Golden-crowned Kinglet","Both sexes physical trait","physical trait"
"Passeriformes","Regulidae (Kinglets)","Corthylio calendula","Ruby-crowned Kinglet","Male physical trait","physical trait"
"Accipitriformes","Accipitridae (Hawks, Eagles, and Kites)","Ictinia mississippiensis","Mississippi Kite","Geographic Location","natural history"
"Accipitriformes","Accipitridae (Hawks, Eagles, and Kites)","Elanoides forficatus","Swallow-tailed Kite","Both sexes physical trait","physical trait"
"Accipitriformes","Accipitridae (Hawks, Eagles, and Kites)","Elanus leucurus","White-tailed Kite","Both sexes physical trait","physical trait"
"Charadriiformes","Laridae (Gulls, Terns, and Skimmers)","Rissa brevirostris","Red-legged Kittiwake","Both sexes physical trait","physical trait"
"Passeriformes","Alaudidae (Larks)","Eremophila alpestris","Horned Lark","Both sexes physical trait","physical trait"
"Gruiformes","Aramidae (Limpkin)","Aramus guarauna","Limpkin","Behavior","natural history"
"Passeriformes","Calcariidae (Longspurs and Snow Buntings)","Calcarius ornatus","Chestnut-collared Longspur","Male physical trait","physical trait"
"Passeriformes","Calcariidae (Longspurs and Snow Buntings)","Calcarius lapponicus","Lapland Longspur","Geographic Location","natural history"
"Passeriformes","Calcariidae (Longspurs and Snow Buntings)","Calcarius pictus","Smith's Longspur","Person","human"
"Gaviiformes","Gaviidae (Loons)","Gavia pacifica","Pacific Loon","Geographic Location","natural history"
"Gaviiformes","Gaviidae (Loons)","Gavia stellata","Red-throated Loon","Both sexes physical trait","physical trait"
"Gaviiformes","Gaviidae (Loons)","Gavia adamsii","Yellow-billed Loon","Both sexes physical trait","physical trait"
"Passeriformes","Corvidae (Crows, Jays, and Magpies)","Pica nuttalli","Yellow-billed Magpie","Both sexes physical trait","physical trait"
"Anseriformes","Anatidae (Ducks, Geese, and Waterfowl)","Anas platyrhynchos","Mallard","Local language","human"
"Passeriformes","Hirundinidae (Swallows)","Progne subis","Purple Martin","Both sexes physical trait","physical trait"
"Anseriformes","Anatidae (Ducks, Geese, and Waterfowl)","Lophodytes cucullatus","Hooded Merganser","Both sexes physical trait","physical trait"
"Anseriformes","Anatidae (Ducks, Geese, and Waterfowl)","Mergus serrator","Red-breasted Merganser","Male physical trait","physical trait"
"Charadriiformes","Alcidae (Auks, Murres, and Puffins)","Synthliboramphus antiquus","Ancient Murrelet","Both sexes physical trait","physical trait"
"Charadriiformes","Alcidae (Auks, Murres, and Puffins)","Synthliboramphus craveri","Craveri's Murrelet","Person","human"
"Charadriiformes","Alcidae (Auks, Murres, and Puffins)","Brachyramphus brevirostris","Kittlitz's Murrelet","Person","human"
"Charadriiformes","Alcidae (Auks, Murres, and Puffins)","Brachyramphus marmoratus","Marbled Murrelet","Both sexes physical trait","physical trait"
"Passeriformes","Sittidae (Nuthatches)","Sitta pusilla","Brown-headed Nuthatch","Both sexes physical trait","physical trait"
"Passeriformes","Sittidae (Nuthatches)","Sitta pygmaea","Pygmy Nuthatch","Size","physical trait"
"Passeriformes","Sittidae (Nuthatches)","Sitta canadensis","Red-breasted Nuthatch","Both sexes physical trait","physical trait"
"Passeriformes","Sittidae (Nuthatches)","Sitta carolinensis","White-breasted Nuthatch","Both sexes physical trait","physical trait"
"Passeriformes","Icteridae (Troupials and Allies)","Icterus graduacauda","Audubon's Oriole","Person","human"
"Passeriformes","Icteridae (Troupials and Allies)","Icterus galbula","Baltimore Oriole","Miscellaneous","human"
"Passeriformes","Icteridae (Troupials and Allies)","Icterus bullockii","Bullock's Oriole","Person","human"
"Passeriformes","Icteridae (Troupials and Allies)","Icterus cucullatus","Hooded Oriole","Male physical trait","physical trait"
"Passeriformes","Icteridae (Troupials and Allies)","Icterus spurius","Orchard Oriole","Natural History","natural history"
"Passeriformes","Icteridae (Troupials and Allies)","Icterus parisorum","Scott's Oriole","Person","human"
"Passeriformes","Parulidae (New World Warblers)","Seiurus aurocapilla","Ovenbird","Behavior","natural history"
"Strigiformes","Strigidae (Owls)","Strix varia","Barred Owl","Both sexes physical trait","physical trait"
"Strigiformes","Strigidae (Owls)","Athene cunicularia","Burrowing Owl","Natural History","natural history"
"Strigiformes","Strigidae (Owls)","Micrathene whitneyi","Elf Owl","Size","physical trait"
"Strigiformes","Strigidae (Owls)","Glaucidium brasilianum","Ferruginous Pygmy-Owl","Both sexes physical trait","physical trait"
"Strigiformes","Strigidae (Owls)","Strix nebulosa","Great Gray Owl","Size","physical trait"
"Strigiformes","Strigidae (Owls)","Bubo virginianus","Great Horned Owl","Both sexes physical trait","physical trait"
"Strigiformes","Strigidae (Owls)","Asio flammeus","Short-eared Owl","Both sexes physical trait","physical trait"
"Strigiformes","Strigidae (Owls)","Bubo scandiacus","Snowy Owl","Both sexes physical trait","physical trait"
"Strigiformes","Strigidae (Owls)","Strix occidentalis","Spotted Owl","Both sexes physical trait","physical trait"
"Charadriiformes","Haematopodidae (Oystercatchers)","Haematopus palliatus","American Oystercatcher","Geographic Location","natural history"
"Charadriiformes","Haematopodidae (Oystercatchers)","Haematopus bachmani","Black Oystercatcher","Both sexes physical trait","physical trait"
"Psittaciformes","Psittacidae (New World and African Parrots)","Rhynchopsitta pachyrhyncha","Thick-billed Parrot","Both sexes physical trait","physical trait"
"Pelecaniformes","Pelecanidae (Pelicans)","Pelecanus erythrorhynchos","American White Pelican","Geographic Location","natural history"
"Pelecaniformes","Pelecanidae (Pelicans)","Pelecanus occidentalis","Brown Pelican","Both sexes physical trait","physical trait"
"Procellariiformes","Procellariidae (Shearwaters and Petrels)","Pterodroma hasitata","Black-capped Petrel","Both sexes physical trait","physical trait"
"Procellariiformes","Procellariidae (Shearwaters and Petrels)","Bulweria bulwerii","Bulwer's Petrel","Person","human"
"Passeriformes","Tyrannidae (Tyrant Flycatchers)","Contopus sordidulus","Western Wood-Pewee","Geographic Location","natural history"
"Passeriformes","Ptiliogonatidae (Silky-flycatchers)","Phainopepla nitens","Phainopepla","Male physical trait","physical trait"
"Charadriiformes","Scolopacidae (Sandpipers and Allies)","Phalaropus fulicarius","Red Phalarope","Both sexes physical trait","physical trait"
"Charadriiformes","Scolopacidae (Sandpipers and Allies)","Phalaropus tricolor","Wilson's Phalarope","Person","human"
"Passeriformes","Tyrannidae (Tyrant Flycatchers)","Sayornis nigricans","Black Phoebe","Both sexes physical trait","physical trait"
"Passeriformes","Tyrannidae (Tyrant Flycatchers)","Sayornis saya","Say's Phoebe","Person","human"
"Columbiformes","Columbidae (Pigeons and Doves)","Patagioenas fasciata","Band-tailed Pigeon","Both sexes physical trait","physical trait"
"Columbiformes","Columbidae (Pigeons and Doves)","Ectopistes migratorius","Passenger Pigeon","Natural History","natural history"
"Columbiformes","Columbidae (Pigeons and Doves)","Patagioenas flavirostris","Red-billed Pigeon","Both sexes physical trait","physical trait"
"Columbiformes","Columbidae (Pigeons and Doves)","Patagioenas leucocephala","White-crowned Pigeon","Both sexes physical trait","physical trait"
"Passeriformes","Motacillidae (Wagtails and Pipits)","Anthus rubescens","American Pipit","Geographic Location","natural history"
"Passeriformes","Motacillidae (Wagtails and Pipits)","Anthus pratensis","Meadow Pipit","Natural History","natural history"
"Passeriformes","Motacillidae (Wagtails and Pipits)","Anthus cervinus","Red-throated Pipit","Both sexes physical trait","physical trait"
"Passeriformes","Motacillidae (Wagtails and Pipits)","Anthus spragueii","Sprague's Pipit","Person","human"
"Charadriiformes","Charadriidae (Plovers and Lapwings)","Pluvialis dominica","American Golden-Plover","Geographic Location","natural history"
"Charadriiformes","Charadriidae (Plovers and Lapwings)","Pluvialis squatarola","Black-bellied Plover","Both sexes physical trait","physical trait"
"Charadriiformes","Charadriidae (Plovers and Lapwings)","Charadrius montanus","Mountain Plover","Natural History","natural history"
"Charadriiformes","Charadriidae (Plovers and Lapwings)","Charadrius melodus","Piping Plover","Behavior","natural history"
"Charadriiformes","Charadriidae (Plovers and Lapwings)","Charadrius semipalmatus","Semipalmated Plover","Both sexes physical trait","physical trait"
"Charadriiformes","Charadriidae (Plovers and Lapwings)","Charadrius nivosus","Snowy Plover","Both sexes physical trait","physical trait"
"Charadriiformes","Charadriidae (Plovers and Lapwings)","Charadrius wilsonia","Wilson's Plover","Person","human"
"Galliformes","Phasianidae (Pheasants, Grouse, and Allies)","Lagopus muta","Rock Ptarmigan","Natural History","natural history"
"Galliformes","Phasianidae (Pheasants, Grouse, and Allies)","Lagopus leucura","White-tailed Ptarmigan","Both sexes physical trait","physical trait"
"Galliformes","Phasianidae (Pheasants, Grouse, and Allies)","Lagopus lagopus","Willow Ptarmigan","Natural History","natural history"
"Charadriiformes","Alcidae (Auks, Murres, and Puffins)","Fratercula corniculata","Horned Puffin","Both sexes physical trait","physical trait"
"Charadriiformes","Alcidae (Auks, Murres, and Puffins)","Fratercula cirrhata","Tufted Puffin","Both sexes physical trait","physical trait"
"Gruiformes","Rallidae (Rails, Gallinules, and Coots)","Laterallus jamaicensis","Black Rail","Both sexes physical trait","physical trait"
"Gruiformes","Rallidae (Rails, Gallinules, and Coots)","Rallus crepitans","Clapper Rail","Behavior","natural history"
"Gruiformes","Rallidae (Rails, Gallinules, and Coots)","Rallus elegans","King Rail","Miscellaneous","human"
"Gruiformes","Rallidae (Rails, Gallinules, and Coots)","Rallus limicola","Virginia Rail","Geographic Location","natural history"
"Gruiformes","Rallidae (Rails, Gallinules, and Coots)","Coturnicops noveboracensis","Yellow Rail","Both sexes physical trait","physical trait"
"Passeriformes","Corvidae (Crows, Jays, and Magpies)","Corvus albicollis","White-necked Raven","Both sexes physical trait","physical trait"
"Anseriformes","Anatidae (Ducks, Geese, and Waterfowl)","Aythya americana","Redhead","Male physical trait","physical trait"
"Passeriformes","Parulidae (New World Warblers)","Setophaga ruticilla","American Redstart","Geographic Location","natural history"
"Passeriformes","Parulidae (New World Warblers)","Myioborus pictus","Painted Redstart","Both sexes physical trait","physical trait"
"Passeriformes","Turdidae (Thrushes and Allies)","Turdus migratorius","American Robin","Geographic Location","natural history"
"Charadriiformes","Scolopacidae (Sandpipers and Allies)","Calidris pugnax","Ruff","Male physical trait","physical trait"
"Charadriiformes","Scolopacidae (Sandpipers and Allies)","Calidris alba","Sanderling","Behavior","natural history"
"Charadriiformes","Scolopacidae (Sandpipers and Allies)","Calidris bairdii","Baird's Sandpiper","Person","human"
"Charadriiformes","Scolopacidae (Sandpipers and Allies)","Calidris subruficollis","Buff-breasted Sandpiper","Both sexes physical trait","physical trait"
"Charadriiformes","Scolopacidae (Sandpipers and Allies)","Calidris ferruginea","Curlew Sandpiper","Both sexes physical trait","physical trait"
"Charadriiformes","Scolopacidae (Sandpipers and Allies)","Tringa ochropus","Green Sandpiper","Both sexes physical trait","physical trait"
"Charadriiformes","Scolopacidae (Sandpipers and Allies)","Calidris minutilla","Least Sandpiper","Size","physical trait"
"Charadriiformes","Scolopacidae (Sandpipers and Allies)","Calidris melanotos","Pectoral Sandpiper","Male physical trait","physical trait"
"Charadriiformes","Scolopacidae (Sandpipers and Allies)","Calidris maritima","Purple Sandpiper","Both sexes physical trait","physical trait"
"Charadriiformes","Scolopacidae (Sandpipers and Allies)","Calidris pusilla","Semipalmated Sandpiper","Both sexes physical trait","physical trait"
"Charadriiformes","Scolopacidae (Sandpipers and Allies)","Calidris acuminata","Sharp-tailed Sandpiper","Both sexes physical trait","physical trait"
"Charadriiformes","Scolopacidae (Sandpipers and Allies)","Tringa solitaria","Solitary Sandpiper","Behavior","natural history"
"Charadriiformes","Scolopacidae (Sandpipers and Allies)","Actitis macularius","Spotted Sandpiper","Both sexes physical trait","physical trait"
"Charadriiformes","Scolopacidae (Sandpipers and Allies)","Calidris himantopus","Stilt Sandpiper","Both sexes physical trait","physical trait"
"Charadriiformes","Scolopacidae (Sandpipers and Allies)","Calidris mauri","Western Sandpiper","Geographic Location","natural history"
"Charadriiformes","Scolopacidae (Sandpipers and Allies)","Calidris fuscicollis","White-rumped Sandpiper","Both sexes physical trait","physical trait"
"Piciformes","Picidae (Woodpeckers)","Sphyrapicus ruber","Red-breasted Sapsucker","Both sexes physical trait","physical trait"
"Piciformes","Picidae (Woodpeckers)","Sphyrapicus thyroideus","Williamson's Sapsucker","Person","human"
"Piciformes","Picidae (Woodpeckers)","Sphyrapicus varius","Yellow-bellied Sapsucker","Both sexes physical trait","physical trait"
"Anseriformes","Anatidae (Ducks, Geese, and Waterfowl)","Melanitta perspicillata","Surf Scoter","Natural History","natural history"
"Anseriformes","Anatidae (Ducks, Geese, and Waterfowl)","Melanitta fusca","Velvet Scoter","Male physical trait","physical trait"
"Anseriformes","Anatidae (Ducks, Geese, and Waterfowl)","Melanitta deglandi","White-winged Scoter","Both sexes physical trait","physical trait"
"Procellariiformes","Procellariidae (Shearwaters and Petrels)","Puffinus lherminieri","Audubon's Shearwater","Person","human"
"Procellariiformes","Procellariidae (Shearwaters and Petrels)","Puffinus opisthomelas","Black-vented Shearwater","Both sexes physical trait","physical trait"
"Procellariiformes","Procellariidae (Shearwaters and Petrels)","Calonectris diomedea","Cory's Shearwater","Person","human"
"Procellariiformes","Procellariidae (Shearwaters and Petrels)","Puffinus puffinus","Manx Shearwater","Geographic Location","natural history"
"Procellariiformes","Procellariidae (Shearwaters and Petrels)","Ardenna creatopus","Pink-footed Shearwater","Both sexes physical trait","physical trait"
"Procellariiformes","Procellariidae (Shearwaters and Petrels)","Ardenna grisea","Sooty Shearwater","Both sexes physical trait","physical trait"
"Passeriformes","Laniidae (Shrikes)","Lanius ludovicianus","Loggerhead Shrike","Both sexes physical trait","physical trait"
"Passeriformes","Laniidae (Shrikes)","Lanius borealis","Northern Shrike","Geographic Location","natural history"
"Passeriformes","Fringillidae (Finches, Euphonias, and Allies)","Spinus pinus","Pine Siskin","Natural History","natural history"
"Charadriiformes","Laridae (Gulls, Terns, and Skimmers)","Rynchops niger","Black Skimmer","Both sexes physical trait","physical trait"
"Charadriiformes","Scolopacidae (Sandpipers and Allies)","Gallinago delicata","Wilson's Snipe","Person","human"
"Passeriformes","Turdidae (Thrushes and Allies)","Myadestes townsendi","Townsend's Solitaire","Person","human"
"Gruiformes","Rallidae (Rails, Gallinules, and Coots)","Porzana carolina","Sora","Local language","human"
"Passeriformes","Passerellidae (New World Sparrows)","Centronyx bairdii","Baird's Sparrow","Person","human"
"Passeriformes","Passerellidae (New World Sparrows)","Artemisiospiza belli","Bell's Sparrow","Person","human"
"Passeriformes","Passerellidae (New World Sparrows)","Spizella atrogularis","Black-chinned Sparrow","Male physical trait","physical trait"
"Passeriformes","Passerellidae (New World Sparrows)","Amphispiza bilineata","Black-throated Sparrow","Both sexes physical trait","physical trait"
"Passeriformes","Passerellidae (New World Sparrows)","Spizella breweri","Brewer's Sparrow","Person","human"
"Passeriformes","Passerellidae (New World Sparrows)","Peucaea cassinii","Cassin's Sparrow","Person","human"
"Passeriformes","Passerellidae (New World Sparrows)","Spizella passerina","Chipping Sparrow","Behavior","natural history"
"Passeriformes","Passerellidae (New World Sparrows)","Spizella pallida","Clay-colored Sparrow","Both sexes physical trait","physical trait"
"Passeriformes","Passerellidae (New World Sparrows)","Spizella pusilla","Field Sparrow","Natural History","natural history"
"Passeriformes","Passerellidae (New World Sparrows)","Passerella iliaca","Fox Sparrow","Both sexes physical trait","physical trait"
"Passeriformes","Passerellidae (New World Sparrows)","Zonotrichia atricapilla","Golden-crowned Sparrow","Both sexes physical trait","physical trait"
"Passeriformes","Passerellidae (New World Sparrows)","Ammodramus savannarum","Grasshopper Sparrow","Behavior","natural history"
"Passeriformes","Passerellidae (New World Sparrows)","Zonotrichia querula","Harris's Sparrow","Person","human"
"Passeriformes","Passerellidae (New World Sparrows)","Centronyx henslowii","Henslow's Sparrow","Person","human"
"Passeriformes","Passerellidae (New World Sparrows)","Chondestes grammacus","Lark Sparrow","Behavior","natural history"
"Passeriformes","Passerellidae (New World Sparrows)","Melospiza lincolnii","Lincoln's Sparrow","Person","human"
"Passeriformes","Passerellidae (New World Sparrows)","Aimophila ruficeps","Rufous-crowned Sparrow","Both sexes physical trait","physical trait"
"Passeriformes","Passerellidae (New World Sparrows)","Peucaea carpalis","Rufous-winged Sparrow","Both sexes physical trait","physical trait"
"Passeriformes","Passerellidae (New World Sparrows)","Ammospiza maritima","Seaside Sparrow","Natural History","natural history"
"Passeriformes","Passerellidae (New World Sparrows)","Melospiza melodia","Song Sparrow","Behavior","natural history"
"Passeriformes","Passerellidae (New World Sparrows)","Melospiza georgiana","Swamp Sparrow","Natural History","natural history"
"Passeriformes","Passerellidae (New World Sparrows)","Pooecetes gramineus","Vesper Sparrow","Behavior","natural history"
"Passeriformes","Passerellidae (New World Sparrows)","Zonotrichia leucophrys","White-crowned Sparrow","Both sexes physical trait","physical trait"
"Passeriformes","Passerellidae (New World Sparrows)","Zonotrichia albicollis","White-throated Sparrow","Both sexes physical trait","physical trait"
"Passeriformes","Passerellidae (New World Sparrows)","Spizella wortheni","Worthen's Sparrow","Person","human"
"Pelecaniformes","Threskiornithidae (Ibises and Spoonbills)","Platalea ajaja","Roseate Spoonbill","Both sexes physical trait","physical trait"
"Charadriiformes","Recurvirostridae (Stilts and Avocets)","Himantopus mexicanus","Black-necked Stilt","Both sexes physical trait","physical trait"
"Passeriformes","Hirundinidae (Swallows)","Riparia riparia","Bank Swallow","Natural History","natural history"
"Passeriformes","Hirundinidae (Swallows)","Hirundo rustica","Barn Swallow","Natural History","natural history"
"Passeriformes","Hirundinidae (Swallows)","Petrochelidon pyrrhonota","Cliff Swallow","Natural History","natural history"
"Passeriformes","Hirundinidae (Swallows)","Tachycineta bicolor","Tree Swallow","Natural History","natural history"
"Passeriformes","Hirundinidae (Swallows)","Tachycineta thalassina","Violet-green Swallow","Both sexes physical trait","physical trait"
"Anseriformes","Anatidae (Ducks, Geese, and Waterfowl)","Cygnus buccinator","Trumpeter Swan","Behavior","natural history"
"Caprimulgiformes","Apodidae (Swifts)","Cypseloides niger","Black Swift","Both sexes physical trait","physical trait"
"Caprimulgiformes","Apodidae (Swifts)","Chaetura pelagica","Chimney Swift","Natural History","natural history"
"Caprimulgiformes","Apodidae (Swifts)","Chaetura vauxi","Vaux's Swift","Person","human"
"Caprimulgiformes","Apodidae (Swifts)","Aeronautes saxatalis","White-throated Swift","Both sexes physical trait","physical trait"
"Passeriformes","Cardinalidae (Cardinals and Allies)","Piranga flava","Hepatic Tanager","Male physical trait","physical trait"
"Passeriformes","Cardinalidae (Cardinals and Allies)","Piranga olivacea","Scarlet Tanager","Male physical trait","physical trait"
"Passeriformes","Cardinalidae (Cardinals and Allies)","Piranga rubra","Summer Tanager","Natural History","natural history"
"Anseriformes","Anatidae (Ducks, Geese, and Waterfowl)","Spatula discors","Blue-winged Teal","Both sexes physical trait","physical trait"
"Anseriformes","Anatidae (Ducks, Geese, and Waterfowl)","Spatula cyanoptera","Cinnamon Teal","Male physical trait","physical trait"
"Anseriformes","Anatidae (Ducks, Geese, and Waterfowl)","Anas crecca","Green-winged Teal","Both sexes physical trait","physical trait"
"Charadriiformes","Laridae (Gulls, Terns, and Skimmers)","Onychoprion aleuticus","Aleutian Tern","Geographic Location","natural history"
"Charadriiformes","Laridae (Gulls, Terns, and Skimmers)","Sterna paradisaea","Arctic Tern","Geographic Location","natural history"
"Charadriiformes","Laridae (Gulls, Terns, and Skimmers)","Chlidonias niger","Black Tern","Both sexes physical trait","physical trait"
"Charadriiformes","Laridae (Gulls, Terns, and Skimmers)","Onychoprion anaethetus","Bridled Tern","Both sexes physical trait","physical trait"
"Charadriiformes","Laridae (Gulls, Terns, and Skimmers)","Hydroprogne caspia","Caspian Tern","Geographic Location","natural history"
"Charadriiformes","Laridae (Gulls, Terns, and Skimmers)","Sterna hirundo","Common Tern","Miscellaneous","human"
"Charadriiformes","Laridae (Gulls, Terns, and Skimmers)","Thalasseus elegans","Elegant Tern","Miscellaneous","human"
"Charadriiformes","Laridae (Gulls, Terns, and Skimmers)","Sterna forsteri","Forster's Tern","Person","human"
"Charadriiformes","Laridae (Gulls, Terns, and Skimmers)","Gelochelidon nilotica","Gull-billed Tern","Both sexes physical trait","physical trait"
"Charadriiformes","Laridae (Gulls, Terns, and Skimmers)","Sternula antillarum","Least Tern","Size","physical trait"
"Charadriiformes","Laridae (Gulls, Terns, and Skimmers)","Sterna dougallii","Roseate Tern","Both sexes physical trait","physical trait"
"Charadriiformes","Laridae (Gulls, Terns, and Skimmers)","Thalasseus maximus","Royal Tern","Miscellaneous","human"
"Charadriiformes","Laridae (Gulls, Terns, and Skimmers)","Onychoprion fuscatus","Sooty Tern","Both sexes physical trait","physical trait"
"Passeriformes","Mimidae (Mockingbirds and Thrashers)","Toxostoma bendirei","Bendire's Thrasher","Person","human"
"Passeriformes","Mimidae (Mockingbirds and Thrashers)","Toxostoma rufum","Brown Thrasher","Both sexes physical trait","physical trait"
"Passeriformes","Mimidae (Mockingbirds and Thrashers)","Toxostoma crissale","Crissal Thrasher","Both sexes physical trait","physical trait"
"Passeriformes","Mimidae (Mockingbirds and Thrashers)","Toxostoma curvirostre","Curve-billed Thrasher","Both sexes physical trait","physical trait"
"Passeriformes","Mimidae (Mockingbirds and Thrashers)","Toxostoma longirostre","Long-billed Thrasher","Both sexes physical trait","physical trait"
"Passeriformes","Mimidae (Mockingbirds and Thrashers)","Oreoscoptes montanus","Sage Thrasher","Natural History","natural history"
"Passeriformes","Turdidae (Thrushes and Allies)","Catharus minimus","Gray-cheeked Thrush","Both sexes physical trait","physical trait"
"Passeriformes","Turdidae (Thrushes and Allies)","Ixoreus naevius","Varied Thrush","Both sexes physical trait","physical trait"
"Passeriformes","Turdidae (Thrushes and Allies)","Hylocichla mustelina","Wood Thrush","Natural History","natural history"
"Passeriformes","Paridae (Tits, Chickadees, and Titmice)","Baeolophus atricristatus","Black-crested Titmouse","Both sexes physical trait","physical trait"
"Passeriformes","Paridae (Tits, Chickadees, and Titmice)","Baeolophus wollweberi","Bridled Titmouse","Both sexes physical trait","physical trait"
"Passeriformes","Paridae (Tits, Chickadees, and Titmice)","Baeolophus bicolor","Tufted Titmouse","Both sexes physical trait","physical trait"
"Passeriformes","Passerellidae (New World Sparrows)","Melozone aberti","Abert's Towhee","Person","human"
"Passeriformes","Passerellidae (New World Sparrows)","Pipilo chlorurus","Green-tailed Towhee","Both sexes physical trait","physical trait"
"Galliformes","Phasianidae (Pheasants, Grouse, and Allies)","Meleagris gallopavo","Wild Turkey","Miscellaneous","human"
"Charadriiformes","Scolopacidae (Sandpipers and Allies)","Arenaria melanocephala","Black Turnstone","Both sexes physical trait","physical trait"
"Passeriformes","Remizidae (Penduline-Tits)","Auriparus flaviceps","Verdin","Miscellaneous","human"
"Passeriformes","Vireonidae (Vireos, Shrike-Babblers, and Erpornis)","Vireo bellii","Bell's Vireo","Person","human"
"Passeriformes","Vireonidae (Vireos, Shrike-Babblers, and Erpornis)","Vireo atricapilla","Black-capped Vireo","Both sexes physical trait","physical trait"
"Passeriformes","Vireonidae (Vireos, Shrike-Babblers, and Erpornis)","Vireo altiloquus","Black-whiskered Vireo","Both sexes physical trait","physical trait"
"Passeriformes","Vireonidae (Vireos, Shrike-Babblers, and Erpornis)","Vireo solitarius","Blue-headed Vireo","Both sexes physical trait","physical trait"
"Passeriformes","Vireonidae (Vireos, Shrike-Babblers, and Erpornis)","Vireo vicinior","Gray Vireo","Both sexes physical trait","physical trait"
"Passeriformes","Vireonidae (Vireos, Shrike-Babblers, and Erpornis)","Vireo huttoni","Hutton's Vireo","Person","human"
"Passeriformes","Vireonidae (Vireos, Shrike-Babblers, and Erpornis)","Vireo philadelphicus","Philadelphia Vireo","Geographic Location","natural history"
"Passeriformes","Vireonidae (Vireos, Shrike-Babblers, and Erpornis)","Vireo olivaceus","Red-eyed Vireo","Both sexes physical trait","physical trait"
"Passeriformes","Vireonidae (Vireos, Shrike-Babblers, and Erpornis)","Vireo gilvus","Warbling Vireo","Behavior","natural history"
"Passeriformes","Vireonidae (Vireos, Shrike-Babblers, and Erpornis)","Vireo griseus","White-eyed Vireo","Both sexes physical trait","physical trait"
"Passeriformes","Vireonidae (Vireos, Shrike-Babblers, and Erpornis)","Vireo flavoviridis","Yellow-green Vireo","Both sexes physical trait","physical trait"
"Passeriformes","Vireonidae (Vireos, Shrike-Babblers, and Erpornis)","Vireo flavifrons","Yellow-throated Vireo","Both sexes physical trait","physical trait"
"Cathartiformes","Cathartidae (New World Vultures)","Coragyps atratus","Black Vulture","Both sexes physical trait","physical trait"
"Cathartiformes","Cathartidae (New World Vultures)","Sarcoramphus papa","King Vulture","Miscellaneous","human"
"Cathartiformes","Cathartidae (New World Vultures)","Cathartes aura","Turkey Vulture","Both sexes physical trait","physical trait"
"Passeriformes","Motacillidae (Wagtails and Pipits)","Motacilla alba","White Wagtail","Both sexes physical trait","physical trait"
"Passeriformes","Parulidae (New World Warblers)","Vermivora bachmanii","Bachman's Warbler","Person","human"
"Passeriformes","Parulidae (New World Warblers)","Setophaga castanea","Bay-breasted Warbler","Male physical trait","physical trait"
"Passeriformes","Parulidae (New World Warblers)","Setophaga caerulescens","Black-throated Blue Warbler","Male physical trait","physical trait"
"Passeriformes","Parulidae (New World Warblers)","Setophaga nigrescens","Black-throated Gray Warbler","Male physical trait","physical trait"
"Passeriformes","Parulidae (New World Warblers)","Setophaga virens","Black-throated Green Warbler","Male physical trait","physical trait"
"Passeriformes","Parulidae (New World Warblers)","Vermivora cyanoptera","Blue-winged Warbler","Both sexes physical trait","physical trait"
"Passeriformes","Parulidae (New World Warblers)","Setophaga tigrina","Cape May Warbler","Geographic Location","natural history"
"Passeriformes","Parulidae (New World Warblers)","Setophaga cerulea","Cerulean Warbler","Male physical trait","physical trait"
"Passeriformes","Parulidae (New World Warblers)","Setophaga pensylvanica","Chestnut-sided Warbler","Both sexes physical trait","physical trait"
"Passeriformes","Parulidae (New World Warblers)","Oporornis agilis","Connecticut Warbler","Geographic Location","natural history"
"Passeriformes","Parulidae (New World Warblers)","Setophaga chrysoparia","Golden-cheeked Warbler","Both sexes physical trait","physical trait"
"Passeriformes","Parulidae (New World Warblers)","Vermivora chrysoptera","Golden-winged Warbler","Both sexes physical trait","physical trait"
"Passeriformes","Parulidae (New World Warblers)","Setophaga graciae","Grace's Warbler","Person","human"
"Passeriformes","Parulidae (New World Warblers)","Setophaga occidentalis","Hermit Warbler","Behavior","natural history"
"Passeriformes","Parulidae (New World Warblers)","Setophaga citrina","Hooded Warbler","Male physical trait","physical trait"
"Passeriformes","Parulidae (New World Warblers)","Geothlypis formosa","Kentucky Warbler","Geographic Location","natural history"
"Passeriformes","Parulidae (New World Warblers)","Setophaga kirtlandii","Kirtland's Warbler","Person","human"
"Passeriformes","Parulidae (New World Warblers)","Leiothlypis luciae","Lucy's Warbler","Person","human"
"Passeriformes","Parulidae (New World Warblers)","Setophaga magnolia","Magnolia Warbler","Natural History","natural history"
"Passeriformes","Parulidae (New World Warblers)","Geothlypis philadelphia","Mourning Warbler","Male physical trait","physical trait"
"Passeriformes","Parulidae (New World Warblers)","Leiothlypis ruficapilla","Nashville Warbler","Geographic Location","natural history"
"Passeriformes","Peucedramidae (Olive Warbler)","Peucedramus taeniatus","Olive Warbler","Both sexes physical trait","physical trait"
"Passeriformes","Parulidae (New World Warblers)","Leiothlypis celata","Orange-crowned Warbler","Male physical trait","physical trait"
"Passeriformes","Parulidae (New World Warblers)","Setophaga palmarum","Palm Warbler","Natural History","natural history"
"Passeriformes","Parulidae (New World Warblers)","Setophaga pinus","Pine Warbler","Natural History","natural history"
"Passeriformes","Parulidae (New World Warblers)","Setophaga discolor","Prairie Warbler","Natural History","natural history"
"Passeriformes","Parulidae (New World Warblers)","Protonotaria citrea","Prothonotary Warbler","Both sexes physical trait","physical trait"
"Passeriformes","Parulidae (New World Warblers)","Cardellina rubra","Red Warbler","Both sexes physical trait","physical trait"
"Passeriformes","Parulidae (New World Warblers)","Cardellina rubrifrons","Red-faced Warbler","Both sexes physical trait","physical trait"
"Passeriformes","Parulidae (New World Warblers)","Limnothlypis swainsonii","Swainson's Warbler","Person","human"
"Passeriformes","Parulidae (New World Warblers)","Leiothlypis peregrina","Tennessee Warbler","Geographic Location","natural history"
"Passeriformes","Parulidae (New World Warblers)","Setophaga townsendi","Townsend's Warbler","Person","human"
"Passeriformes","Parulidae (New World Warblers)","Leiothlypis virginiae","Virginia's Warbler","Person","human"
"Passeriformes","Parulidae (New World Warblers)","Cardellina pusilla","Wilson's Warbler","Person","human"
"Passeriformes","Parulidae (New World Warblers)","Helmitheros vermivorum","Worm-eating Warbler","Behavior","natural history"
"Passeriformes","Parulidae (New World Warblers)","Setophaga petechia","Yellow Warbler","Both sexes physical trait","physical trait"
"Passeriformes","Parulidae (New World Warblers)","Setophaga dominica","Yellow-throated Warbler","Both sexes physical trait","physical trait"
"Passeriformes","Parulidae (New World Warblers)","Parkesia motacilla","Louisiana Waterthrush","Geographic Location","natural history"
"Passeriformes","Bombycillidae (Waxwings)","Bombycilla garrulus","Bohemian Waxwing","Behavior","natural history"
"Passeriformes","Bombycillidae (Waxwings)","Bombycilla cedrorum","Cedar Waxwing","Natural History","natural history"
"Charadriiformes","Scolopacidae (Sandpipers and Allies)","Numenius phaeopus","Whimbrel","Behavior","natural history"
"Charadriiformes","Scolopacidae (Sandpipers and Allies)","Tringa semipalmata","Willet","Behavior","natural history"
"Charadriiformes","Scolopacidae (Sandpipers and Allies)","Scolopax minor","American Woodcock","Geographic Location","natural history"
"Piciformes","Picidae (Woodpeckers)","Picoides dorsalis","American Three-toed Woodpecker","Geographic Location","natural history"
"Piciformes","Picidae (Woodpeckers)","Dryobates pubescens","Downy Woodpecker","Both sexes physical trait","physical trait"
"Piciformes","Picidae (Woodpeckers)","Melanerpes uropygialis","Gila Woodpecker","Geographic Location","natural history"
"Piciformes","Picidae (Woodpeckers)","Melanerpes aurifrons","Golden-fronted Woodpecker","Both sexes physical trait","physical trait"
"Piciformes","Picidae (Woodpeckers)","Dryobates villosus","Hairy Woodpecker","Both sexes physical trait","physical trait"
"Piciformes","Picidae (Woodpeckers)","Campephilus principalis","Ivory-billed Woodpecker","Both sexes physical trait","physical trait"
"Piciformes","Picidae (Woodpeckers)","Melanerpes lewis","Lewis's Woodpecker","Person","human"
"Piciformes","Picidae (Woodpeckers)","Dryobates nuttallii","Nuttall's Woodpecker","Person","human"
"Piciformes","Picidae (Woodpeckers)","Dryocopus pileatus","Pileated Woodpecker","Both sexes physical trait","physical trait"
"Piciformes","Picidae (Woodpeckers)","Melanerpes carolinus","Red-bellied Woodpecker","Both sexes physical trait","physical trait"
"Piciformes","Picidae (Woodpeckers)","Dryobates borealis","Red-cockaded Woodpecker","Male physical trait","physical trait"
"Piciformes","Picidae (Woodpeckers)","Melanerpes erythrocephalus","Red-headed Woodpecker","Both sexes physical trait","physical trait"
"Piciformes","Picidae (Woodpeckers)","Dryobates stricklandi","Strickland's Woodpecker","Person","human"
"Piciformes","Picidae (Woodpeckers)","Dryobates albolarvatus","White-headed Woodpecker","Both sexes physical trait","physical trait"
"Passeriformes","Troglodytidae (Wrens)","Thryomanes bewickii","Bewick's Wren","Person","human"
"Passeriformes","Troglodytidae (Wrens)","Campylorhynchus brunneicapillus","Cactus Wren","Natural History","natural history"
"Passeriformes","Troglodytidae (Wrens)","Thryothorus ludovicianus","Carolina Wren","Geographic Location","natural history"
"Passeriformes","Troglodytidae (Wrens)","Troglodytes aedon","House Wren","Natural History","natural history"
"Passeriformes","Troglodytidae (Wrens)","Salpinctes obsoletus","Rock Wren","Natural History","natural history"
"Passeriformes","Troglodytidae (Wrens)","Troglodytes hiemalis","Winter Wren","Miscellaneous","human"
"Passeriformes","Sylviidae (Sylviid Warblers, Parrotbills, and Allies)","Chamaea fasciata","Wrentit","Both sexes physical trait","physical trait"
"Charadriiformes","Scolopacidae (Sandpipers and Allies)","Tringa melanoleuca","Greater Yellowlegs","Size","physical trait"
"Passeriformes","Parulidae (New World Warblers)","Geothlypis beldingi","Belding's Yellowthroat","Person","human"
NA,NA,NA,"Paroquet Auklet","Both sexes physical trait","physical trait"
NA,NA,NA,"Baldpate","Male physical trait","physical trait"
NA,NA,NA,"Surf Bird","Natural History","natural history"
NA,NA,NA,"Yellow-billed Tropicbird","Both sexes physical trait","physical trait"
NA,NA,NA,"Bicolored Blackbird","Male physical trait","physical trait"
NA,NA,NA,"Bluebird","No Unique Identifier","human"
NA,NA,NA,"Red-spotted Bluethroat","Male physical trait","physical trait"
NA,NA,NA,"Bobwhite","No Unique Identifier","human"
NA,NA,NA,"Grayson's Bobwhite","Person","human"
NA,NA,NA,"Masked Bobwhite","Male physical trait","physical trait"
NA,NA,NA,"Booby","No Unique Identifier","human"
NA,NA,NA,"Blue-faced Booby","Both sexes physical trait","physical trait"
NA,NA,NA,"Black Brant","Both sexes physical trait","physical trait"
NA,NA,NA,"Cassin's Bullfinch","Person","human"
NA,NA,NA,"Townsend's Bunting","Person","human"
NA,NA,NA,"Black-eared Bushtit","Both sexes physical trait","physical trait"
NA,NA,NA,"Lead-colored Bushtit","Both sexes physical trait","physical trait"
NA,NA,NA,"European Buzzard","Geographic Location","natural history"
NA,NA,NA,"Canvas-back","Male physical trait","physical trait"
NA,NA,NA,"Audubon's Caracara","Person","human"
NA,NA,NA,"Cardinal","No Unique Identifier","human"
NA,NA,NA,"Texan Cardinal","Geographic Location","natural history"
NA,NA,NA,"Catbird","No Unique Identifier","human"
NA,NA,NA,"Chachalaca","No Unique Identifier","human"
NA,NA,NA,"Chickadee","No Unique Identifier","human"
NA,NA,NA,"Hudsonian Chickadee","Geographic Location","natural history"
NA,NA,NA,"Siberian Chickadee","Geographic Location","natural history"
NA,NA,NA,"European Coot","Geographic Location","natural history"
NA,NA,NA,"Cormorant","No Unique Identifier","human"
NA,NA,NA,"Mexican Cormorant","Geographic Location","natural history"
NA,NA,NA,"Cowbird","No Unique Identifier","human"
NA,NA,NA,"Little Brown Crane","Size","physical trait"
NA,NA,NA,"Bahama Honeycreeper","Geographic Location","natural history"
NA,NA,NA,"American Crossbill","Geographic Location","natural history"
NA,NA,NA,"Northwest Crow","Geographic Location","natural history"
NA,NA,NA,"Hudsonian Curlew","Geographic Location","natural history"
NA,NA,NA,"Ground Dove","Natural History","natural history"
NA,NA,NA,"White-fronted Dove","Both sexes physical trait","physical trait"
NA,NA,NA,"Dowitcher","No Unique Identifier","human"
NA,NA,NA,"American Scaup Duck","Geographic Location","natural history"
NA,NA,NA,"Black Duck","Both sexes physical trait","physical trait"
NA,NA,NA,"Florida Duck","Geographic Location","natural history"
NA,NA,NA,"Lesser Scaup Duck","Size","physical trait"
NA,NA,NA,"Rufous-crested Duck","Male physical trait","physical trait"
NA,NA,NA,"Steller's Duck","Person","human"
NA,NA,NA,"Gray Sea Eagle","Both sexes physical trait","physical trait"
NA,NA,NA,"American Egret","Geographic Location","natural history"
NA,NA,NA,"Peale's Egret","Person","human"
NA,NA,NA,"American Eider","Geographic Location","natural history"
NA,NA,NA,"Eider","No Unique Identifier","human"
NA,NA,NA,"Pacific Eider","Geographic Location","natural history"
NA,NA,NA,"Blue-headed Euphonia","Both sexes physical trait","physical trait"
NA,NA,NA,"Cassin's Purple Finch","Person","human"
NA,NA,NA,"Guadalupe House Finch","Geographic Location","natural history"
NA,NA,NA,"Flicker","No Unique Identifier","human"
NA,NA,NA,"Guadalupe Flicker","Geographic Location","natural history"
NA,NA,NA,"Red-shafted Flicker","Both sexes physical trait","physical trait"
NA,NA,NA,"Baird's Beardless Flycatcher","Person","human"
NA,NA,NA,"Beardless Flycatcher","Both sexes physical trait","physical trait"
NA,NA,NA,"Coues's Flycatcher","Person","human"
NA,NA,NA,"Crested Flycatcher","Both sexes physical trait","physical trait"
NA,NA,NA,"Derby Flycatcher","Person","human"
NA,NA,NA,"Fulvous Flycatcher","Both sexes physical trait","physical trait"
NA,NA,NA,"Giraud's Flycatcher","Person","human"
NA,NA,NA,"Lawrence's Flycatcher","Person","human"
NA,NA,NA,"Mexican Crested Flycatcher","Geographic Location","natural history"
NA,NA,NA,"Wright's Flycatcher","Person","human"
NA,NA,NA,"Fulmar","No Unique Identifier","human"
NA,NA,NA,"Giant Fulmar","Size","physical trait"
NA,NA,NA,"Slender-billed Fulmar","Both sexes physical trait","physical trait"
NA,NA,NA,"Florida Gallinule","Geographic Location","natural history"
NA,NA,NA,"Gannet","No Unique Identifier","human"
NA,NA,NA,"Plumbeous Gnatcatcher","Both sexes physical trait","physical trait"
NA,NA,NA,"Pacific Godwit","Geographic Location","natural history"
NA,NA,NA,"American Golden-eye","Geographic Location","natural history"
NA,NA,NA,"Barrow's Golden-eye","Person","human"
NA,NA,NA,"Arkansas Goldfinch","Geographic Location","natural history"
NA,NA,NA,"Black-headed Goldfinch","Both sexes physical trait","physical trait"
NA,NA,NA,"Blue Goose","Both sexes physical trait","physical trait"
NA,NA,NA,"Lesser Snow Goose","Size","physical trait"
NA,NA,NA,"Ross's Snow Goose","Person","human"
NA,NA,NA,"White-fronted Goose","Both sexes physical trait","physical trait"
NA,NA,NA,"American Goshawk","Geographic Location","natural history"
NA,NA,NA,"Mexican Goshawk","Geographic Location","natural history"
NA,NA,NA,"Purple Grackle","Both sexes physical trait","physical trait"
NA,NA,NA,"Grassquit","No Unique Identifier","human"
NA,NA,NA,"American Eared Grebe","Geographic Location","natural history"
NA,NA,NA,"Holboell's Grebe","Person","human"
NA,NA,NA,"Horned Gerbe","Both sexes physical trait","physical trait"
NA,NA,NA,"St. Domingo Grebe","Geographic Location","natural history"
NA,NA,NA,"Green-shank","No Unique Identifier","human"
NA,NA,NA,"Canada Grouse","Geographic Location","natural history"
NA,NA,NA,"Franklin's Grouse","Person","human"
NA,NA,NA,"Sage Grouse","No Unique Identifier","human"
NA,NA,NA,"Black-winged Guillemot","Both sexes physical trait","physical trait"
NA,NA,NA,"Mandt's Guillemot","Person","human"
NA,NA,NA,"Sooty Guillemot","Both sexes physical trait","physical trait"
NA,NA,NA,"Kumlien's Gull","Person","human"
NA,NA,NA,"Mew Gull","Local language",NA
NA,NA,NA,"Nelson's Gull","Person","human"
NA,NA,NA,"Siberian Gull","Geographic Location","natural history"
NA,NA,NA,"Gray Gyrfalcon","Both sexes physical trait","physical trait"
NA,NA,NA,"White Gyrfalcon","Both sexes physical trait","physical trait"
NA,NA,NA,"American Sparrowhawk","Geographic Location","natural history"
NA,NA,NA,"Cuban Sparrowhawk","Geographic Location","natural history"
NA,NA,NA,"Duck Hawk","Behavior","natural history"
NA,NA,NA,"Harlan's Hawk","Person","human"
NA,NA,NA,"Little Black Hawk","Size","physical trait"
NA,NA,NA,"Marsh Hawk","Natural History","natural history"
NA,NA,NA,"Mexican Black Hawk","Geographic Location","natural history"
NA,NA,NA,"Pigeon Hawk","Behavior","natural history"
NA,NA,NA,"Heath Hen","Natural History","natural history"
NA,NA,NA,"Lesser Prairie Hen","Size","physical trait"
NA,NA,NA,"Prairie Hen","Natural History","natural history"
NA,NA,NA,"Cooper's Henhawk","Person","human"
NA,NA,NA,"European Blue Heron","Geographic Location","natural history"
NA,NA,NA,"Great White Heron","Size","physical trait"
NA,NA,NA,"Louisiana Heron","Geographic Location","natural history"
NA,NA,NA,"Snowy Heron","Both sexes physical trait","physical trait"
NA,NA,NA,"Ward's Heron","Person","human"
NA,NA,NA,"Wurdemann's Heron","Person","human"
NA,NA,NA,"Blue-throated Hummingbird","Male physical trait","physical trait"
NA,NA,NA,"Heloise's Hummingbird","Person","human"
NA,NA,NA,"Rieffer's Hummingbird","Person","human"
NA,NA,NA,"Rivoli Hummingbird","Person","human"
NA,NA,NA,"Short-winged Hylophilus","Both sexes physical trait","physical trait"
NA,NA,NA,"White-faced Glossy Ibis","Both sexes physical trait","physical trait"
NA,NA,NA,"Wood Ibis","Natural History","natural history"
NA,NA,NA,"Mexican Jacana","Geographic Location","natural history"
NA,NA,NA,"Arizona Jay","Geographic Location","natural history"
NA,NA,NA,"California Jay","Geographic Location","natural history"
NA,NA,NA,"Florida Jay","Geographic Location","natural history"
NA,NA,NA,"Oregon Jay","Geographic Location","natural history"
NA,NA,NA,"Pinon Jay","Natural History","natural history"
NA,NA,NA,"Woodhouse's Jay","Person","human"
NA,NA,NA,"Arizona Junco","Geographic Location","natural history"
NA,NA,NA,"Gray-headed Junco","Both sexes physical trait","physical trait"
NA,NA,NA,"Pink-sided Junco","Both sexes physical trait","physical trait"
NA,NA,NA,"Slate-colored Junco","Both sexes physical trait","physical trait"
NA,NA,NA,"White-winged Junco","Both sexes physical trait","physical trait"
NA,NA,NA,"Arkansas Kingbird","Geographic Location","natural history"
NA,NA,NA,"Kingbird","No Unique Identifier","human"
NA,NA,NA,"Texan Kingfisher","Geographic Location","natural history"
NA,NA,NA,"Cuvier's Kinglet","Person","human"
NA,NA,NA,"Dusky Kinglet","Both sexes physical trait","physical trait"
NA,NA,NA,"Everglade Kite","Geographic Location","natural history"
NA,NA,NA,"Kittiwake","No Unique Identifier","human"
NA,NA,NA,"Knot","No Unique Identifier","human"
NA,NA,NA,"Lapwing","No Unique Identifier","human"
NA,NA,NA,"Aleutian Leucosticte","Geographic Location","natural history"
NA,NA,NA,"Black Leucosticte","Male physical trait","physical trait"
NA,NA,NA,"Brown-capped Leucosticte","Both sexes physical trait","physical trait"
NA,NA,NA,"Gray-crowned Leucosticte","Both sexes physical trait","physical trait"
NA,NA,NA,"Brewster's Linnet","Person","human"
NA,NA,NA,"McCown's Longspur","Person","human"
NA,NA,NA,"Loon","No Unique Identifier","human"
NA,NA,NA,"Black-throated Loon","Both sexes physical trait","physical trait"
NA,NA,NA,"American Magpie","Geographic Location","natural history"
NA,NA,NA,"Man-o'-War Bird","Behavior","natural history"
NA,NA,NA,"Meadowlark","No Unique Identifier","human"
NA,NA,NA,"American Merganser","Geographic Location","natural history"
NA,NA,NA,"Richardson's Merlin","Person","human"
NA,NA,NA,"Mockingbird","No Unique Identifier","human"
NA,NA,NA,"Murre","No Unique Identifier","human"
NA,NA,NA,"Brunnich's Murre","Person","human"
NA,NA,NA,"Temminck's Murrelet","Person","human"
NA,NA,NA,"Xantus's Murrelet","Person","human"
NA,NA,NA,"Nighthawk","No Unique Identifier","human"
NA,NA,NA,"Texan Nighthawk","Geographic Location","natural history"
NA,NA,NA,"Noddy","No Unique Identifier","human"
NA,NA,NA,"Clarke's Nutcracker","Person","human"
NA,NA,NA,"Old-squaw","Behavior","natural history"
NA,NA,NA,"American Osprey","Geographic Location","natural history"
NA,NA,NA,"American Barn Owl","Geographic Location","natural history"
NA,NA,NA,"American Long-eared Owl","Geographic Location","natural history"
NA,NA,NA,"Flammulated Screech-Owl","Both sexes physical trait","physical trait"
NA,NA,NA,"Hawk Owl","Behavior","natural history"
NA,NA,NA,"Pygmy-Owl","No Unique Identifier","human"
NA,NA,NA,"Richardson's Owl","Person","human"
NA,NA,NA,"Saw-whet Owl","Behavior","natural history"
NA,NA,NA,"Screech-Owl","No Unique Identifier","human"
NA,NA,NA,"Oystercatcher","No Unique Identifier","human"
NA,NA,NA,"Parauque","Behavior","natural history"
NA,NA,NA,"Carolina Paroquet","Geographic Location","natural history"
NA,NA,NA,"California Partridge","Geographic Location","natural history"
NA,NA,NA,"Gambel's Partridge","Person","human"
NA,NA,NA,"Massena Partridge","Person","human"
NA,NA,NA,"Mountain Partridge","Natural History","natural history"
NA,NA,NA,"Scaled Partridge","Both sexes physical trait","physical trait"
NA,NA,NA,"California Brown Pelican","Geographic Location","natural history"
NA,NA,NA,"Ashy Petrel","Both sexes physical trait","physical trait"
NA,NA,NA,"Black Petrel","Both sexes physical trait","physical trait"
NA,NA,NA,"Fisher's Petrel","Person","human"
NA,NA,NA,"Fork-tailed Petrel","Both sexes physical trait","physical trait"
NA,NA,NA,"Hornby's Petrel","Person","human"
NA,NA,NA,"Leach's Petrel","Person","human"
NA,NA,NA,"Least Petrel","Size","physical trait"
NA,NA,NA,"Peal's Petrel","Person","human"
NA,NA,NA,"Pintado Petrel","Both sexes physical trait","physical trait"
NA,NA,NA,"Stormy Petrel","Miscellaneous","human"
NA,NA,NA,"White-bellied Petrel","Both sexes physical trait","physical trait"
NA,NA,NA,"White-faced Petrel","Both sexes physical trait","physical trait"
NA,NA,NA,"Wilson's Petrel","Person","human"
NA,NA,NA,"Wood-Pewee","No Unique Identifier","human"
NA,NA,NA,"Northern Phalarope","Geographic Location","natural history"
NA,NA,NA,"Phoebe","No Unique Identifier","human"
NA,NA,NA,"Pintail","No Unique Identifier","human"
NA,NA,NA,"Golden-Plover","No Unique Identifier","human"
NA,NA,NA,"Little Ring Plover","Size","physical trait"
NA,NA,NA,"Mongolian Plover","Geographic Location","natural history"
NA,NA,NA,"Ring Plover","No Unique Identifier","human"
NA,NA,NA,"Poor-will","No Unique Identifier","human"
NA,NA,NA,"Welch's Ptarmigan","Person","human"
NA,NA,NA,"Puffin","No Unique Identifier","human"
NA,NA,NA,"Blue-headed Quail-dove","Both sexes physical trait","physical trait"
NA,NA,NA,"Key West Quail-dove","Geographic Location","natural history"
NA,NA,NA,"American Raven","Geographic Location","natural history"
NA,NA,NA,"Redpoll","No Unique Identifier","human"
NA,NA,NA,"Greenland Redpoll","Geographic Location","natural history"
NA,NA,NA,"Red-bellied Redstart","Both sexes physical trait","physical trait"
NA,NA,NA,"Roadrunner","No Unique Identifier","human"
NA,NA,NA,"St. Lucas Robin","Geographic Location","natural history"
NA,NA,NA,"Ferruginous Rough-leg","Both sexes physical trait","physical trait"
NA,NA,NA,"Aleutian Sandpiper","Geographic Location","natural history"
NA,NA,NA,"Bartramian Sandpiper","Person","human"
NA,NA,NA,"Cooper's Sandpiper","Person","human"
NA,NA,NA,"Prybilof Sandpiper","Geographic Location","natural history"
NA,NA,NA,"Spoon-bill Sandpiper","Both sexes physical trait","physical trait"
NA,NA,NA,"American Scoter","Geographic Location","natural history"
NA,NA,NA,"Morellet's Seedeater","Person","human"
NA,NA,NA,"Black-tailed Shearwater","Both sexes physical trait","physical trait"
NA,NA,NA,"Cinereous Shearwater","Both sexes physical trait","physical trait"
NA,NA,NA,"Dark-bodied Shearwater","Both sexes physical trait","physical trait"
NA,NA,NA,"Greater Shearwater","Size","physical trait"
NA,NA,NA,"Slender-billed Shearwater","Both sexes physical trait","physical trait"
NA,NA,NA,"Shoveller","No Unique Identifier","human"
NA,NA,NA,"Skua","No Unique Identifier","human"
NA,NA,NA,"Skylark","No Unique Identifier","human"
NA,NA,NA,"European Snipe","Geographic Location","natural history"
NA,NA,NA,"Snowflake","No Unique Identifier","human"
NA,NA,NA,"McKay's Snowflake","Person","human"
NA,NA,NA,"Aleutian Song Sparrow","Geographic Location","natural history"
NA,NA,NA,"Arizona Sparrow","Geographic Location","natural history"
NA,NA,NA,"Belding's Marsh Sparrow","Person","human"
NA,NA,NA,"Dusky Seaside Sparrow","Both sexes physical trait","physical trait"
NA,NA,NA,"Gambel's Sparrow","Person","human"
NA,NA,NA,"Intermediate Sparrow","Size","physical trait"
NA,NA,NA,"Ipswich Sparrow","Geographic Location","natural history"
NA,NA,NA,"Large-billed Sparrow","Both sexes physical trait","physical trait"
NA,NA,NA,"Leconte's Sparrow","Person","human"
NA,NA,NA,"Mexican Sparrow","Geographic Location","natural history"
NA,NA,NA,"Pine-woods Sparrow","Natural History","natural history"
NA,NA,NA,"Sandwich Sparrow","Geographic Location","natural history"
NA,NA,NA,"Sharp-tailed Sparrow","Both sexes physical trait","physical trait"
NA,NA,NA,"Texas Sparrow","Geographic Location","natural history"
NA,NA,NA,"Tree Sparrow","No Unique Identifier","human"
NA,NA,NA,"Starling","No Unique Identifier","human"
NA,NA,NA,"Rough-winged Swallow","Both sexes physical trait","physical trait"
NA,NA,NA,"Whistling Swan","Behavior","natural history"
NA,NA,NA,"Whooping Swan","Behavior","natural history"
NA,NA,NA,"Louisiana Tanager","Geographic Location","natural history"
NA,NA,NA,"Wandering Tatler","Behavior","natural history"
NA,NA,NA,"European Teal","Geographic Location","natural history"
NA,NA,NA,"Cabot's Tern","Person","human"
NA,NA,NA,"Trudeau's Tern","Person","human"
NA,NA,NA,"White-winged Black Tern","Both sexes physical trait","physical trait"
NA,NA,NA,"Californian Thrasher","Geographic Location","natural history"
NA,NA,NA,"Leconte's Thrasher","Person","human"
NA,NA,NA,"St. Lucas Thrasher","Geographic Location","natural history"
NA,NA,NA,"Dwarf Hermit Thrush","Size","physical trait"
NA,NA,NA,"Red-winged Thrush","Both sexes physical trait","physical trait"
NA,NA,NA,"Russet-backed Thrush","Both sexes physical trait","physical trait"
NA,NA,NA,"Wilson's Thrush","Person","human"
NA,NA,NA,"Plain Titmouse","Both sexes physical trait","physical trait"
NA,NA,NA,"Towhee","No Unique Identifier","human"
NA,NA,NA,"Arctic Towhee","Geographic Location","natural history"
NA,NA,NA,"Cañon Towhee","Natural History","natural history"
NA,NA,NA,"Guadalupe Towhee","Geographic Location","natural history"
NA,NA,NA,"Black-bellied Tree-duck","Both sexes physical trait","physical trait"
NA,NA,NA,"Fulvous Tree-duck","Both sexes physical trait","physical trait"
NA,NA,NA,"Coppery-tailed Trogon","Both sexes physical trait","physical trait"
NA,NA,NA,"Troupial","No Unique Identifier","human"
NA,NA,NA,"Turnstone","No Unique Identifier","human"
NA,NA,NA,"Burrough's Turkey Vulture","Person","human"
NA,NA,NA,"California Vulture","Geographic Location","natural history"
NA,NA,NA,"Siberian Yellow Wagtail","Geographic Location","natural history"
NA,NA,NA,"Swinhoe's Wagtail","Person","human"
NA,NA,NA,"Audubon's Warbler","Person","human"
NA,NA,NA,"Bell's Warbler","Person","human"
NA,NA,NA,"Black and White Warbler","Both sexes physical trait","physical trait"
NA,NA,NA,"Blackburnian Warbler","Person","human"
NA,NA,NA,"Black-poll Warbler","Male physical trait","physical trait"
NA,NA,NA,"Blue Mountain Warbler","Geographic Location","natural history"
NA,NA,NA,"Brasher's Warbler","Person","human"
NA,NA,NA,"Brewster's Warbler","Person","human"
NA,NA,NA,"Canadian Warbler","Geographic Location","natural history"
NA,NA,NA,"Carbonated Warbler","Both sexes physical trait","physical trait"
NA,NA,NA,"Cincinnati Warbler","Geographic Location","natural history"
NA,NA,NA,"Kennicott's Willow Warbler","Person","human"
NA,NA,NA,"Lawrence's Warbler","Person","human"
NA,NA,NA,"Macgillivray's Warbler","Person","human"
NA,NA,NA,"Mangrove Warbler","Natural History","natural history"
NA,NA,NA,"Myrtle Warbler","Natural History","natural history"
NA,NA,NA,"Parula Warbler","Behavior","natural history"
NA,NA,NA,"Sennett's Warbler","Person","human"
NA,NA,NA,"Small-headed Warbler","Both sexes physical trait","physical trait"
NA,NA,NA,"Waterthrush","No Unique Identifier","human"
NA,NA,NA,"Wheatear","No Unique Identifier","human"
NA,NA,NA,"Whip-poor-will","No Unique Identifier","human"
NA,NA,NA,"Widgeon","No Unique Identifier","human"
NA,NA,NA,"European Woodcock","Geographic Location","natural history"
NA,NA,NA,"Arctic Three-toed Woodpecker","Geographic Location","natural history"
NA,NA,NA,"Californian Woodpecker","Geographic Location","natural history"
NA,NA,NA,"Texan Woodpecker","Geographic Location","natural history"
NA,NA,NA,"Alaska Wren","Geographic Location","natural history"
NA,NA,NA,"Guadalupe Wren","Geographic Location","natural history"
NA,NA,NA,"Guadalupe Rock Wren","Geographic Location","natural history"
NA,NA,NA,"Long-billed Marsh Wren","Both sexes physical trait","physical trait"
NA,NA,NA,"St. Lucas Cactus Wren","Geographic Location","natural history"
NA,NA,NA,"Short-billed Marsh Wren","Both sexes physical trait","physical trait"
NA,NA,NA,"White-throated Wren","Both sexes physical trait","physical trait"
NA,NA,NA,"Yellowlegs","No Unique Identifier","human"
NA,NA,NA,"Maryland Yellowthroat","Geographic Location","natural history"
NA,NA,NA,"Belding's Rail","Person","human"
NA,NA,NA,"California Clapper Rail","Geographic Location","natural history"
NA,NA,NA,"Williamson's Woodpecker","Person","human"
